{"stats":{"minecraft:picked_up":{"minecraft:crafting_table":1,"minecraft:wheat":3,"minecraft:cooked_beef":3,"minecraft:andesite":19,"minecraft:leather":1,"minecraft:filled_map":1,"minecraft:porkchop":10,"minecraft:sand":2,"minecraft:oak_log":12,"minecraft:dirt":60,"minecraft:rotten_flesh":5,"minecraft:beef":3,"minecraft:chest":1,"minecraft:mutton":2,"minecraft:coal":30,"minecraft:white_wool":2,"minecraft:cobblestone":15},"minecraft:killed":{"minecraft:sheep":2,"minecraft:zombie":2,"minecraft:pig":7,"minecraft:drowned":2,"minecraft:cow":1},"minecraft:used":{"minecraft:bread":2,"minecraft:chest":1,"minecraft:wooden_pickaxe":59,"minecraft:wooden_shovel":59,"minecraft:torch":1,"minecraft:rotten_flesh":2,"minecraft:stone_axe":39,"minecraft:sand":2,"minecraft:dirt":17,"minecraft:crafting_table":2,"minecraft:furnace":1,"minecraft:cooked_porkchop":2,"minecraft:campfire":1},"minecraft:custom":{"minecraft:time_since_rest":23587,"minecraft:interact_with_furnace":3,"minecraft:sprint_one_cm":57354,"minecraft:damage_taken":215,"minecraft:walk_one_cm":27636,"minecraft:mob_kills":14,"minecraft:damage_dealt":1672,"minecraft:swim_one_cm":3209,"minecraft:interact_with_crafting_table":10,"minecraft:fly_one_cm":68605,"minecraft:open_chest":6,"minecraft:interact_with_campfire":3,"minecraft:crouch_one_cm":406,"minecraft:play_time":23587,"minecraft:sneak_time":561,"minecraft:walk_under_water_one_cm":639,"minecraft:jump":313,"minecraft:leave_game":3,"minecraft:time_since_death":23587,"minecraft:walk_on_water_one_cm":5858,"minecraft:total_world_time":23587,"minecraft:fall_one_cm":7646},"minecraft:crafted":{"minecraft:oak_planks":24,"minecraft:wooden_shovel":1,"minecraft:cooked_porkchop":7,"minecraft:crafting_table":1,"minecraft:stick":8,"minecraft:wooden_pickaxe":1,"minecraft:furnace":1,"minecraft:torch":4,"minecraft:campfire":1,"minecraft:air":0,"minecraft:bread":2},"minecraft:broken":{"minecraft:wooden_shovel":1,"minecraft:wooden_pickaxe":1},"minecraft:mined":{"minecraft:andesite":19,"minecraft:crafting_table":1,"minecraft:short_grass":2,"minecraft:coal_ore":25,"minecraft:grass_block":12,"minecraft:oak_log":12,"minecraft:chest":1,"minecraft:sand":2,"minecraft:dirt":48,"minecraft:stone":15,"minecraft:oak_leaves":1}},"DataVersion":3955}