{"stats":{"minecraft:picked_up":{"minecraft:crafting_table":1,"minecraft:wheat":3,"minecraft:cooked_beef":15,"minecraft:andesite":19,"minecraft:leather":8,"minecraft:filled_map":1,"minecraft:oak_log":17,"minecraft:dirt":61,"minecraft:cooked_mutton":3,"minecraft:apple":1,"minecraft:beef":15,"minecraft:chest":1,"minecraft:sandstone":4,"minecraft:porkchop":10,"minecraft:sand":2,"minecraft:diorite":11,"minecraft:rotten_flesh":5,"minecraft:oak_sapling":3,"minecraft:mutton":3,"minecraft:coal":55,"minecraft:white_wool":3,"minecraft:cobblestone":105},"minecraft:killed":{"minecraft:pig":7,"minecraft:sheep":3,"minecraft:zombie":2,"minecraft:drowned":2,"minecraft:cow":7},"minecraft:used":{"minecraft:stone_pickaxe":131,"minecraft:chest":1,"minecraft:wooden_pickaxe":59,"minecraft:wooden_shovel":59,"minecraft:rotten_flesh":2,"minecraft:torch":3,"minecraft:dirt":43,"minecraft:sand":2,"minecraft:crafting_table":2,"minecraft:campfire":1,"minecraft:white_bed":1,"minecraft:bread":2,"minecraft:stone_axe":62,"minecraft:furnace":1,"minecraft:oak_sapling":3,"minecraft:cooked_porkchop":3,"minecraft:cooked_beef":1},"minecraft:custom":{"minecraft:interact_with_furnace":4,"minecraft:mob_kills":21,"minecraft:interact_with_crafting_table":15,"minecraft:interact_with_campfire":18,"minecraft:leave_game":3,"minecraft:time_since_death":35548,"minecraft:sleep_in_bed":1,"minecraft:time_since_rest":2917,"minecraft:sprint_one_cm":95254,"minecraft:damage_taken":235,"minecraft:walk_one_cm":46739,"minecraft:damage_dealt":2352,"minecraft:swim_one_cm":3209,"minecraft:fly_one_cm":113876,"minecraft:open_chest":13,"minecraft:crouch_one_cm":1212,"minecraft:play_time":35548,"minecraft:sneak_time":977,"minecraft:walk_under_water_one_cm":639,"minecraft:jump":519,"minecraft:walk_on_water_one_cm":6428,"minecraft:total_world_time":35548,"minecraft:fall_one_cm":15622},"minecraft:crafted":{"minecraft:oak_planks":44,"minecraft:wooden_shovel":1,"minecraft:cooked_porkchop":7,"minecraft:leather_leggings":1,"minecraft:crafting_table":1,"minecraft:wooden_pickaxe":1,"minecraft:furnace":1,"minecraft:campfire":1,"minecraft:bread":2,"minecraft:air":0,"minecraft:stick":12,"minecraft:stone_pickaxe":1,"minecraft:white_bed":1,"minecraft:torch":4},"minecraft:mined":{"minecraft:crafting_table":1,"minecraft:short_grass":2,"minecraft:grass_block":12,"minecraft:chest":1,"minecraft:tall_grass":2,"minecraft:diorite":11,"minecraft:sandstone":4,"minecraft:andesite":19,"minecraft:oak_log":17,"minecraft:coal_ore":50,"minecraft:sand":2,"minecraft:dirt":49,"minecraft:stone":106,"minecraft:oak_leaves":35},"minecraft:broken":{"minecraft:stone_pickaxe":1,"minecraft:wooden_shovel":1,"minecraft:wooden_pickaxe":1}},"DataVersion":3955}