{"stats":{"minecraft:picked_up":{"minecraft:wheat":3,"minecraft:rotten_flesh":1,"minecraft:leather":1,"minecraft:filled_map":1,"minecraft:beef":3,"minecraft:porkchop":4,"minecraft:oak_log":6,"minecraft:chest":1,"minecraft:mutton":2,"minecraft:coal":5,"minecraft:white_wool":2},"minecraft:killed":{"minecraft:sheep":2,"minecraft:zombie":1,"minecraft:pig":3,"minecraft:cow":1},"minecraft:used":{"minecraft:rotten_flesh":2,"minecraft:stone_axe":16},"minecraft:custom":{"minecraft:time_since_rest":8151,"minecraft:open_chest":3,"minecraft:crouch_one_cm":11,"minecraft:sprint_one_cm":31661,"minecraft:play_time":8151,"minecraft:damage_taken":105,"minecraft:walk_one_cm":8351,"minecraft:sneak_time":34,"minecraft:walk_under_water_one_cm":279,"minecraft:mob_kills":7,"minecraft:jump":162,"minecraft:damage_dealt":851,"minecraft:leave_game":2,"minecraft:time_since_death":8151,"minecraft:walk_on_water_one_cm":2252,"minecraft:total_world_time":8151,"minecraft:swim_one_cm":3006,"minecraft:fall_one_cm":4869,"minecraft:fly_one_cm":45507},"minecraft:crafted":{"minecraft:oak_planks":24},"minecraft:mined":{"minecraft:short_grass":2,"minecraft:oak_log":6,"minecraft:chest":1,"minecraft:oak_leaves":1}},"DataVersion":3955}