{"stats":{"minecraft:picked_up":{"minecraft:crafting_table":1,"minecraft:wheat":3,"minecraft:andesite":2,"minecraft:leather":1,"minecraft:filled_map":1,"minecraft:porkchop":10,"minecraft:oak_log":6,"minecraft:dirt":40,"minecraft:rotten_flesh":5,"minecraft:beef":3,"minecraft:chest":1,"minecraft:mutton":2,"minecraft:coal":5,"minecraft:white_wool":2},"minecraft:killed":{"minecraft:sheep":2,"minecraft:zombie":2,"minecraft:pig":7,"minecraft:drowned":2,"minecraft:cow":1},"minecraft:used":{"minecraft:bread":2,"minecraft:chest":1,"minecraft:wooden_pickaxe":2,"minecraft:wooden_shovel":48,"minecraft:rotten_flesh":2,"minecraft:stone_axe":33,"minecraft:crafting_table":2},"minecraft:custom":{"minecraft:time_since_rest":14115,"minecraft:sprint_one_cm":38024,"minecraft:damage_taken":205,"minecraft:walk_one_cm":16022,"minecraft:mob_kills":14,"minecraft:damage_dealt":1672,"minecraft:swim_one_cm":3209,"minecraft:interact_with_crafting_table":6,"minecraft:fly_one_cm":50580,"minecraft:open_chest":4,"minecraft:crouch_one_cm":153,"minecraft:play_time":14115,"minecraft:sneak_time":108,"minecraft:walk_under_water_one_cm":639,"minecraft:jump":201,"minecraft:leave_game":2,"minecraft:time_since_death":14115,"minecraft:walk_on_water_one_cm":5858,"minecraft:total_world_time":14115,"minecraft:fall_one_cm":5765},"minecraft:crafted":{"minecraft:oak_planks":24,"minecraft:wooden_shovel":1,"minecraft:crafting_table":1,"minecraft:stick":4,"minecraft:wooden_pickaxe":1,"minecraft:bread":2},"minecraft:mined":{"minecraft:andesite":2,"minecraft:crafting_table":1,"minecraft:short_grass":2,"minecraft:grass_block":12,"minecraft:oak_log":6,"minecraft:chest":1,"minecraft:dirt":36,"minecraft:oak_leaves":1}},"DataVersion":3955}