{"stats":{"minecraft:custom":{"minecraft:interact_with_furnace":18,"minecraft:mob_kills":22,"minecraft:interact_with_crafting_table":38,"minecraft:interact_with_campfire":20,"minecraft:leave_game":6,"minecraft:time_since_death":117369,"minecraft:sleep_in_bed":7,"minecraft:climb_one_cm":5998,"minecraft:time_since_rest":40,"minecraft:sprint_one_cm":231683,"minecraft:damage_taken":391,"minecraft:walk_one_cm":197217,"minecraft:drop":1,"minecraft:damage_dealt":2592,"minecraft:swim_one_cm":5747,"minecraft:fly_one_cm":294677,"minecraft:open_chest":25,"minecraft:crouch_one_cm":17552,"minecraft:play_time":117369,"minecraft:sneak_time":5791,"minecraft:walk_under_water_one_cm":1197,"minecraft:jump":1185,"minecraft:walk_on_water_one_cm":10492,"minecraft:total_world_time":117369,"minecraft:fall_one_cm":32268},"minecraft:picked_up":{"minecraft:crafting_table":2,"minecraft:wheat":3,"minecraft:cooked_beef":15,"minecraft:andesite":69,"minecraft:leather":8,"minecraft:filled_map":1,"minecraft:oak_log":48,"minecraft:cobblestone_stairs":4,"minecraft:dirt":82,"minecraft:raw_copper":41,"minecraft:cooked_mutton":3,"minecraft:apple":1,"minecraft:cobbled_deepslate":137,"minecraft:raw_gold":5,"minecraft:beef":15,"minecraft:chest":1,"minecraft:oak_planks":9,"minecraft:stick":5,"minecraft:raw_iron":19,"minecraft:sandstone":4,"minecraft:cooked_porkchop":2,"minecraft:oak_door":2,"minecraft:torch":14,"minecraft:porkchop":10,"minecraft:sand":327,"minecraft:diorite":31,"minecraft:white_bed":1,"minecraft:rotten_flesh":5,"minecraft:deepslate_bricks":8,"minecraft:oak_sapling":10,"minecraft:mutton":3,"minecraft:coal":55,"minecraft:white_wool":3,"minecraft:cobblestone":538},"minecraft:dropped":{"minecraft:stone_pickaxe":1},"minecraft:used":{"minecraft:oak_trapdoor":1,"minecraft:cooked_mutton":3,"minecraft:stone_sword":8,"minecraft:cobblestone_stairs":157,"minecraft:stone_shovel":263,"minecraft:stone_pickaxe":642,"minecraft:ladder":4,"minecraft:oak_planks":75,"minecraft:chest":1,"minecraft:wooden_pickaxe":59,"minecraft:wooden_shovel":59,"minecraft:deepslate_bricks":33,"minecraft:rotten_flesh":2,"minecraft:oak_door":3,"minecraft:torch":36,"minecraft:sand":51,"minecraft:dirt":43,"minecraft:crafting_table":4,"minecraft:campfire":1,"minecraft:white_bed":2,"minecraft:oak_log":16,"minecraft:bread":2,"minecraft:iron_pickaxe":178,"minecraft:stone_axe":113,"minecraft:cobblestone":171,"minecraft:furnace":1,"minecraft:oak_sapling":10,"minecraft:cooked_porkchop":3,"minecraft:glass_pane":13,"minecraft:cooked_beef":3,"minecraft:cobbled_deepslate":6},"minecraft:broken":{"minecraft:stone_pickaxe":4,"minecraft:wooden_shovel":1,"minecraft:stone_axe":1,"minecraft:stone_shovel":2,"minecraft:wooden_pickaxe":1},"minecraft:killed":{"minecraft:pig":7,"minecraft:sheep":3,"minecraft:zombie":3,"minecraft:drowned":2,"minecraft:cow":7},"minecraft:mined":{"minecraft:glass_pane":1,"minecraft:white_bed":1,"minecraft:oak_door":2,"minecraft:cobblestone_stairs":4,"minecraft:crafting_table":2,"minecraft:torch":12,"minecraft:short_grass":5,"minecraft:grass_block":12,"minecraft:chest":1,"minecraft:deepslate_bricks":8,"minecraft:copper_ore":10,"minecraft:tall_grass":2,"minecraft:cobblestone":10,"minecraft:deepslate_gold_ore":5,"minecraft:oak_planks":9,"minecraft:diorite":31,"minecraft:sandstone":4,"minecraft:wall_torch":2,"minecraft:iron_ore":17,"minecraft:andesite":69,"minecraft:coal_ore":50,"minecraft:oak_log":48,"minecraft:deepslate_iron_ore":2,"minecraft:sand":297,"minecraft:dirt":70,"minecraft:stone":528,"minecraft:oak_leaves":101,"minecraft:deepslate":137},"minecraft:crafted":{"minecraft:oak_door":3,"minecraft:oak_planks":116,"minecraft:wooden_shovel":1,"minecraft:stone_shovel":2,"minecraft:cooked_porkchop":8,"minecraft:leather_leggings":1,"minecraft:crafting_table":2,"minecraft:wooden_pickaxe":1,"minecraft:furnace":1,"minecraft:cobblestone_stairs":160,"minecraft:campfire":1,"minecraft:bread":2,"minecraft:air":0,"minecraft:oak_trapdoor":2,"minecraft:glass_pane":16,"minecraft:glass":19,"minecraft:polished_deepslate":60,"minecraft:ladder":6,"minecraft:stick":44,"minecraft:iron_ingot":19,"minecraft:iron_pickaxe":2,"minecraft:stone_pickaxe":5,"minecraft:stone_sword":1,"minecraft:gold_ingot":5,"minecraft:white_bed":1,"minecraft:torch":28,"minecraft:deepslate_bricks":60}},"DataVersion":3955}