{"stats":{"minecraft:custom":{"minecraft:interact_with_furnace":14,"minecraft:mob_kills":22,"minecraft:interact_with_crafting_table":31,"minecraft:interact_with_campfire":20,"minecraft:leave_game":5,"minecraft:time_since_death":90865,"minecraft:sleep_in_bed":4,"minecraft:time_since_rest":11490,"minecraft:sprint_one_cm":182076,"minecraft:damage_taken":361,"minecraft:walk_one_cm":130104,"minecraft:drop":1,"minecraft:damage_dealt":2592,"minecraft:swim_one_cm":5747,"minecraft:fly_one_cm":247829,"minecraft:open_chest":20,"minecraft:crouch_one_cm":4497,"minecraft:play_time":90865,"minecraft:sneak_time":3192,"minecraft:walk_under_water_one_cm":1197,"minecraft:jump":943,"minecraft:walk_on_water_one_cm":10492,"minecraft:total_world_time":90865,"minecraft:fall_one_cm":26770},"minecraft:picked_up":{"minecraft:crafting_table":2,"minecraft:wheat":3,"minecraft:cooked_beef":15,"minecraft:andesite":69,"minecraft:leather":8,"minecraft:filled_map":1,"minecraft:oak_log":27,"minecraft:cobblestone_stairs":4,"minecraft:dirt":81,"minecraft:raw_copper":41,"minecraft:cooked_mutton":3,"minecraft:apple":1,"minecraft:cobbled_deepslate":137,"minecraft:raw_gold":5,"minecraft:beef":15,"minecraft:chest":1,"minecraft:raw_iron":19,"minecraft:sandstone":4,"minecraft:cooked_porkchop":2,"minecraft:oak_door":2,"minecraft:torch":1,"minecraft:porkchop":10,"minecraft:sand":2,"minecraft:diorite":31,"minecraft:rotten_flesh":5,"minecraft:oak_sapling":3,"minecraft:mutton":3,"minecraft:coal":55,"minecraft:white_wool":3,"minecraft:cobblestone":529},"minecraft:dropped":{"minecraft:stone_pickaxe":1},"minecraft:used":{"minecraft:cooked_mutton":3,"minecraft:stone_sword":8,"minecraft:cobblestone_stairs":150,"minecraft:stone_pickaxe":642,"minecraft:oak_planks":9,"minecraft:chest":1,"minecraft:wooden_pickaxe":59,"minecraft:wooden_shovel":59,"minecraft:rotten_flesh":2,"minecraft:oak_door":3,"minecraft:torch":21,"minecraft:sand":2,"minecraft:dirt":43,"minecraft:crafting_table":3,"minecraft:campfire":1,"minecraft:white_bed":1,"minecraft:oak_log":6,"minecraft:bread":2,"minecraft:iron_pickaxe":161,"minecraft:stone_axe":78,"minecraft:cobblestone":72,"minecraft:furnace":1,"minecraft:oak_sapling":3,"minecraft:cooked_porkchop":3,"minecraft:cooked_beef":2,"minecraft:cobbled_deepslate":6},"minecraft:broken":{"minecraft:stone_pickaxe":4,"minecraft:wooden_shovel":1,"minecraft:wooden_pickaxe":1},"minecraft:killed":{"minecraft:pig":7,"minecraft:sheep":3,"minecraft:zombie":3,"minecraft:drowned":2,"minecraft:cow":7},"minecraft:mined":{"minecraft:oak_door":2,"minecraft:cobblestone_stairs":4,"minecraft:crafting_table":2,"minecraft:torch":1,"minecraft:short_grass":5,"minecraft:grass_block":12,"minecraft:chest":1,"minecraft:copper_ore":10,"minecraft:tall_grass":2,"minecraft:cobblestone":1,"minecraft:deepslate_gold_ore":5,"minecraft:diorite":31,"minecraft:sandstone":4,"minecraft:iron_ore":17,"minecraft:andesite":69,"minecraft:oak_log":27,"minecraft:coal_ore":50,"minecraft:deepslate_iron_ore":2,"minecraft:sand":2,"minecraft:dirt":69,"minecraft:stone":528,"minecraft:oak_leaves":37,"minecraft:deepslate":137},"minecraft:crafted":{"minecraft:oak_door":3,"minecraft:oak_planks":44,"minecraft:wooden_shovel":1,"minecraft:cooked_porkchop":8,"minecraft:leather_leggings":1,"minecraft:crafting_table":2,"minecraft:wooden_pickaxe":1,"minecraft:furnace":1,"minecraft:cobblestone_stairs":160,"minecraft:campfire":1,"minecraft:bread":2,"minecraft:air":0,"minecraft:stick":28,"minecraft:iron_ingot":19,"minecraft:iron_pickaxe":2,"minecraft:stone_pickaxe":5,"minecraft:stone_sword":1,"minecraft:white_bed":1,"minecraft:torch":20}},"DataVersion":3955}