{"stats":{"minecraft:picked_up":{"minecraft:crafting_table":2,"minecraft:wheat":3,"minecraft:cooked_beef":15,"minecraft:andesite":69,"minecraft:leather":8,"minecraft:filled_map":1,"minecraft:oak_log":17,"minecraft:cobblestone_stairs":4,"minecraft:dirt":81,"minecraft:cooked_mutton":3,"minecraft:apple":1,"minecraft:beef":15,"minecraft:chest":1,"minecraft:raw_iron":13,"minecraft:sandstone":4,"minecraft:cooked_porkchop":2,"minecraft:porkchop":10,"minecraft:sand":2,"minecraft:diorite":31,"minecraft:rotten_flesh":5,"minecraft:oak_sapling":3,"minecraft:mutton":3,"minecraft:coal":55,"minecraft:white_wool":3,"minecraft:cobblestone":408},"minecraft:killed":{"minecraft:pig":7,"minecraft:sheep":3,"minecraft:zombie":2,"minecraft:drowned":2,"minecraft:cow":7},"minecraft:used":{"minecraft:cooked_mutton":1,"minecraft:cobblestone_stairs":106,"minecraft:stone_pickaxe":528,"minecraft:chest":1,"minecraft:wooden_pickaxe":59,"minecraft:wooden_shovel":59,"minecraft:rotten_flesh":2,"minecraft:torch":11,"minecraft:dirt":43,"minecraft:sand":2,"minecraft:crafting_table":3,"minecraft:campfire":1,"minecraft:white_bed":1,"minecraft:bread":2,"minecraft:stone_axe":63,"minecraft:cobblestone":9,"minecraft:furnace":1,"minecraft:oak_sapling":3,"minecraft:cooked_porkchop":3,"minecraft:cooked_beef":1},"minecraft:custom":{"minecraft:interact_with_furnace":7,"minecraft:mob_kills":21,"minecraft:interact_with_crafting_table":25,"minecraft:interact_with_campfire":20,"minecraft:leave_game":3,"minecraft:time_since_death":59548,"minecraft:sleep_in_bed":2,"minecraft:time_since_rest":14206,"minecraft:sprint_one_cm":123568,"minecraft:damage_taken":245,"minecraft:walk_one_cm":87912,"minecraft:damage_dealt":2392,"minecraft:swim_one_cm":3209,"minecraft:fly_one_cm":187322,"minecraft:open_chest":15,"minecraft:crouch_one_cm":2619,"minecraft:play_time":59548,"minecraft:sneak_time":2019,"minecraft:walk_under_water_one_cm":639,"minecraft:jump":677,"minecraft:walk_on_water_one_cm":6428,"minecraft:total_world_time":59548,"minecraft:fall_one_cm":17333},"minecraft:crafted":{"minecraft:oak_planks":44,"minecraft:wooden_shovel":1,"minecraft:cooked_porkchop":8,"minecraft:leather_leggings":1,"minecraft:crafting_table":2,"minecraft:wooden_pickaxe":1,"minecraft:furnace":1,"minecraft:cobblestone_stairs":160,"minecraft:campfire":1,"minecraft:bread":2,"minecraft:air":0,"minecraft:stick":24,"minecraft:iron_ingot":2,"minecraft:stone_pickaxe":5,"minecraft:stone_sword":1,"minecraft:white_bed":1,"minecraft:torch":20},"minecraft:mined":{"minecraft:cobblestone_stairs":4,"minecraft:crafting_table":2,"minecraft:short_grass":2,"minecraft:grass_block":12,"minecraft:chest":1,"minecraft:tall_grass":2,"minecraft:diorite":31,"minecraft:sandstone":4,"minecraft:iron_ore":13,"minecraft:andesite":69,"minecraft:oak_log":17,"minecraft:coal_ore":50,"minecraft:sand":2,"minecraft:dirt":69,"minecraft:stone":412,"minecraft:oak_leaves":35},"minecraft:broken":{"minecraft:stone_pickaxe":4,"minecraft:wooden_shovel":1,"minecraft:wooden_pickaxe":1}},"DataVersion":3955}