{"stats":{"minecraft:picked_up":{"minecraft:crafting_table":1,"minecraft:wheat_seeds":2,"minecraft:brown_wool":1,"minecraft:wooden_pickaxe":1,"minecraft:oak_log":6,"minecraft:white_wool":9,"minecraft:mutton":15,"minecraft:dirt":6,"minecraft:cobblestone":40,"minecraft:sunflower":2},"minecraft:dropped":{"minecraft:wooden_pickaxe":2},"minecraft:killed":{"minecraft:sheep":10},"minecraft:used":{"minecraft:stone_axe":23,"minecraft:dirt":6,"minecraft:crafting_table":1,"minecraft:wooden_pickaxe":46},"minecraft:custom":{"minecraft:time_since_rest":11960,"minecraft:crouch_one_cm":82,"minecraft:play_time":11960,"minecraft:sprint_one_cm":22388,"minecraft:damage_taken":100,"minecraft:walk_one_cm":19590,"minecraft:sneak_time":24,"minecraft:mob_kills":10,"minecraft:drop":2,"minecraft:jump":133,"minecraft:damage_dealt":914,"minecraft:time_since_death":11960,"minecraft:total_world_time":11960,"minecraft:interact_with_crafting_table":3,"minecraft:fall_one_cm":2446,"minecraft:fly_one_cm":27460},"minecraft:crafted":{"minecraft:oak_planks":24,"minecraft:stone_axe":1,"minecraft:crafting_table":1,"minecraft:stick":8,"minecraft:stone_pickaxe":1,"minecraft:wooden_pickaxe":1},"minecraft:mined":{"minecraft:short_grass":5,"minecraft:grass_block":1,"minecraft:oak_log":6,"minecraft:sunflower":2,"minecraft:dirt":5,"minecraft:stone":40,"minecraft:crafting_table":1}},"DataVersion":3955}