{"stats":{"minecraft:picked_up":{"minecraft:crafting_table":2,"minecraft:brown_wool":1,"minecraft:wooden_pickaxe":1,"minecraft:oak_log":7,"minecraft:white_bed":1,"minecraft:dirt":7,"minecraft:string":1,"minecraft:cooked_mutton":1,"minecraft:rotten_flesh":5,"minecraft:wheat_seeds":3,"minecraft:coal":32,"minecraft:mutton":23,"minecraft:furnace":1,"minecraft:white_wool":14,"minecraft:cobblestone":57,"minecraft:sunflower":2},"minecraft:dropped":{"minecraft:wheat_seeds":2,"minecraft:brown_wool":1,"minecraft:rotten_flesh":5,"minecraft:sunflower":2,"minecraft:wooden_pickaxe":2},"minecraft:killed":{"minecraft:sheep":15,"minecraft:zombie":5,"minecraft:spider":1},"minecraft:used":{"minecraft:cooked_mutton":9,"minecraft:stone_pickaxe":50,"minecraft:wooden_pickaxe":46,"minecraft:stone_axe":60,"minecraft:dirt":6,"minecraft:cobblestone":7,"minecraft:crafting_table":2,"minecraft:furnace":1,"minecraft:white_bed":1},"minecraft:custom":{"minecraft:time_since_rest":5732,"minecraft:interact_with_furnace":7,"minecraft:sprint_one_cm":41922,"minecraft:damage_taken":560,"minecraft:walk_one_cm":55881,"minecraft:mob_kills":22,"minecraft:drop":12,"minecraft:damage_dealt":2545,"minecraft:swim_one_cm":4459,"minecraft:interact_with_crafting_table":6,"minecraft:fly_one_cm":47816,"minecraft:crouch_one_cm":953,"minecraft:play_time":24786,"minecraft:sneak_time":269,"minecraft:walk_under_water_one_cm":7684,"minecraft:jump":276,"minecraft:leave_game":1,"minecraft:walk_on_water_one_cm":5934,"minecraft:time_since_death":24786,"minecraft:sleep_in_bed":1,"minecraft:total_world_time":24786,"minecraft:fall_one_cm":6133},"minecraft:crafted":{"minecraft:oak_planks":28,"minecraft:crafting_table":1,"minecraft:stick":32,"minecraft:wooden_pickaxe":1,"minecraft:stone_pickaxe":1,"minecraft:furnace":1,"minecraft:white_bed":1,"minecraft:stone_axe":1,"minecraft:air":0,"minecraft:cooked_mutton":13},"minecraft:mined":{"minecraft:white_bed":1,"minecraft:furnace":1,"minecraft:crafting_table":2,"minecraft:coal_ore":32,"minecraft:short_grass":8,"minecraft:grass_block":2,"minecraft:oak_log":7,"minecraft:dirt":5,"minecraft:sunflower":2,"minecraft:tall_grass":2,"minecraft:cobblestone":7,"minecraft:stone":50}},"DataVersion":3955}